<?xml version="1.0" encoding="UTF-8"?><?xml-stylesheet type='text/xsl' href='_UpgradeReport_Files/UpgradeReport.xslt'?><UpgradeLog>
<Properties><Property Name="Solution" Value="Stock Control">
</Property><Property Name="Solution File" Value="D:\INSTITUTO-38\IS38 (2°)\SISTEMAS DE LA INFORMACION(PBoffi)\Stock Control-VS2010\Stock Control.sln">
</Property><Property Name="User Options File" Value="D:\INSTITUTO-38\IS38 (2°)\SISTEMAS DE LA INFORMACION(PBoffi)\Stock Control-VS2010\Stock Control.suo">
</Property><Property Name="Date" Value="miércoles, 24 de febrero de 2016">
</Property><Property Name="Time" Value="21:45 p.m.">
</Property></Properties><Event ErrorLevel="0" Project="" Source="Stock Control.sln" Description="File successfully backed up as D:\INSTITUTO-38\IS38 (2°)\SISTEMAS DE LA INFORMACION(PBoffi)\Stock Control-VS2010\Backup\Stock Control.sln">
</Event><Event ErrorLevel="0" Project="" Source="Stock Control.suo" Description="File successfully backed up as D:\INSTITUTO-38\IS38 (2°)\SISTEMAS DE LA INFORMACION(PBoffi)\Stock Control-VS2010\Backup\Stock Control.suo">
</Event><Event ErrorLevel="0" Project="Stock Control" Source="Stock Control\Stock Control.csproj" Description="Project file successfully backed up as D:\INSTITUTO-38\IS38 (2°)\SISTEMAS DE LA INFORMACION(PBoffi)\Stock Control-VS2010\Backup\Stock Control\Stock Control.csproj">
</Event><Event ErrorLevel="0" Project="Stock Control" Source="Stock Control\Stock Control.csproj.user" Description="Project user file successfully backed up as D:\INSTITUTO-38\IS38 (2°)\SISTEMAS DE LA INFORMACION(PBoffi)\Stock Control-VS2010\Backup\Stock Control\Stock Control.csproj.user">
</Event><Event ErrorLevel="0" Project="Stock Control" Source="Stock Control\login.cs" Description="File successfully backed up as D:\INSTITUTO-38\IS38 (2°)\SISTEMAS DE LA INFORMACION(PBoffi)\Stock Control-VS2010\Backup\Stock Control\login.cs">
</Event><Event ErrorLevel="0" Project="Stock Control" Source="Stock Control\login.Designer.cs" Description="File successfully backed up as D:\INSTITUTO-38\IS38 (2°)\SISTEMAS DE LA INFORMACION(PBoffi)\Stock Control-VS2010\Backup\Stock Control\login.Designer.cs">
</Event><Event ErrorLevel="0" Project="Stock Control" Source="Stock Control\Principal.cs" Description="File successfully backed up as D:\INSTITUTO-38\IS38 (2°)\SISTEMAS DE LA INFORMACION(PBoffi)\Stock Control-VS2010\Backup\Stock Control\Principal.cs">
</Event><Event ErrorLevel="0" Project="Stock Control" Source="Stock Control\Principal.Designer.cs" Description="File successfully backed up as D:\INSTITUTO-38\IS38 (2°)\SISTEMAS DE LA INFORMACION(PBoffi)\Stock Control-VS2010\Backup\Stock Control\Principal.Designer.cs">
</Event><Event ErrorLevel="0" Project="Stock Control" Source="Stock Control\Movements.cs" Description="File successfully backed up as D:\INSTITUTO-38\IS38 (2°)\SISTEMAS DE LA INFORMACION(PBoffi)\Stock Control-VS2010\Backup\Stock Control\Movements.cs">
</Event><Event ErrorLevel="0" Project="Stock Control" Source="Stock Control\Movements.Designer.cs" Description="File successfully backed up as D:\INSTITUTO-38\IS38 (2°)\SISTEMAS DE LA INFORMACION(PBoffi)\Stock Control-VS2010\Backup\Stock Control\Movements.Designer.cs">
</Event><Event ErrorLevel="0" Project="Stock Control" Source="Stock Control\about.cs" Description="File successfully backed up as D:\INSTITUTO-38\IS38 (2°)\SISTEMAS DE LA INFORMACION(PBoffi)\Stock Control-VS2010\Backup\Stock Control\about.cs">
</Event><Event ErrorLevel="0" Project="Stock Control" Source="Stock Control\about.Designer.cs" Description="File successfully backed up as D:\INSTITUTO-38\IS38 (2°)\SISTEMAS DE LA INFORMACION(PBoffi)\Stock Control-VS2010\Backup\Stock Control\about.Designer.cs">
</Event><Event ErrorLevel="0" Project="Stock Control" Source="Stock Control\State.cs" Description="File successfully backed up as D:\INSTITUTO-38\IS38 (2°)\SISTEMAS DE LA INFORMACION(PBoffi)\Stock Control-VS2010\Backup\Stock Control\State.cs">
</Event><Event ErrorLevel="0" Project="Stock Control" Source="Stock Control\State.Designer.cs" Description="File successfully backed up as D:\INSTITUTO-38\IS38 (2°)\SISTEMAS DE LA INFORMACION(PBoffi)\Stock Control-VS2010\Backup\Stock Control\State.Designer.cs">
</Event><Event ErrorLevel="0" Project="Stock Control" Source="Stock Control\Program.cs" Description="File successfully backed up as D:\INSTITUTO-38\IS38 (2°)\SISTEMAS DE LA INFORMACION(PBoffi)\Stock Control-VS2010\Backup\Stock Control\Program.cs">
</Event><Event ErrorLevel="0" Project="Stock Control" Source="Stock Control\Properties\AssemblyInfo.cs" Description="File successfully backed up as D:\INSTITUTO-38\IS38 (2°)\SISTEMAS DE LA INFORMACION(PBoffi)\Stock Control-VS2010\Backup\Stock Control\Properties\AssemblyInfo.cs">
</Event><Event ErrorLevel="0" Project="Stock Control" Source="Stock Control\Properties\Resources.Designer.cs" Description="File successfully backed up as D:\INSTITUTO-38\IS38 (2°)\SISTEMAS DE LA INFORMACION(PBoffi)\Stock Control-VS2010\Backup\Stock Control\Properties\Resources.Designer.cs">
</Event><Event ErrorLevel="0" Project="Stock Control" Source="Stock Control\Properties\Settings.Designer.cs" Description="File successfully backed up as D:\INSTITUTO-38\IS38 (2°)\SISTEMAS DE LA INFORMACION(PBoffi)\Stock Control-VS2010\Backup\Stock Control\Properties\Settings.Designer.cs">
</Event><Event ErrorLevel="0" Project="Stock Control" Source="Stock Control\Properties\Settings.settings" Description="File successfully backed up as D:\INSTITUTO-38\IS38 (2°)\SISTEMAS DE LA INFORMACION(PBoffi)\Stock Control-VS2010\Backup\Stock Control\Properties\Settings.settings">
</Event><Event ErrorLevel="0" Project="Stock Control" Source="Stock Control\login.resx" Description="File successfully backed up as D:\INSTITUTO-38\IS38 (2°)\SISTEMAS DE LA INFORMACION(PBoffi)\Stock Control-VS2010\Backup\Stock Control\login.resx">
</Event><Event ErrorLevel="0" Project="Stock Control" Source="Stock Control\Principal.resx" Description="File successfully backed up as D:\INSTITUTO-38\IS38 (2°)\SISTEMAS DE LA INFORMACION(PBoffi)\Stock Control-VS2010\Backup\Stock Control\Principal.resx">
</Event><Event ErrorLevel="0" Project="Stock Control" Source="Stock Control\Movements.resx" Description="File successfully backed up as D:\INSTITUTO-38\IS38 (2°)\SISTEMAS DE LA INFORMACION(PBoffi)\Stock Control-VS2010\Backup\Stock Control\Movements.resx">
</Event><Event ErrorLevel="0" Project="Stock Control" Source="Stock Control\about.resx" Description="File successfully backed up as D:\INSTITUTO-38\IS38 (2°)\SISTEMAS DE LA INFORMACION(PBoffi)\Stock Control-VS2010\Backup\Stock Control\about.resx">
</Event><Event ErrorLevel="0" Project="Stock Control" Source="Stock Control\State.resx" Description="File successfully backed up as D:\INSTITUTO-38\IS38 (2°)\SISTEMAS DE LA INFORMACION(PBoffi)\Stock Control-VS2010\Backup\Stock Control\State.resx">
</Event><Event ErrorLevel="0" Project="Stock Control" Source="Stock Control\Properties\Resources.resx" Description="File successfully backed up as D:\INSTITUTO-38\IS38 (2°)\SISTEMAS DE LA INFORMACION(PBoffi)\Stock Control-VS2010\Backup\Stock Control\Properties\Resources.resx">
</Event><Event ErrorLevel="0" Project="Stock Control" Source="Stock Control\Stock Control.csproj" Description="Project converted successfully">
</Event><Event ErrorLevel="3" Project="Stock Control" Source="Stock Control\Stock Control.csproj" Description="Converted">
</Event><Event ErrorLevel="0" Project="" Source="Stock Control.sln" Description="Solution converted successfully">
</Event><Event ErrorLevel="3" Project="" Source="Stock Control.sln" Description="Converted">
</Event><Event ErrorLevel="0" Project="Stock Control" Source="Stock Control\Stock Control.csproj" Description="Scan complete: Upgrade not required for project files.">
</Event></UpgradeLog>